store_cd,store_nm,address,x,y,sale_avg,x_y_list,parking_200m,parking_500m,parking_1000m,academy_200m,academy_500m,academy_1000m,accommodation_200m,accommodation_500m,accommodation_1000m,bike_count_200m,bike_count_500m,bike_count_1000m,bike_station_200m,bike_station_500m,bike_station_1000m,school_500m,mart_1000m,trdar_cd,apt_avg_ae,apt_avg_price,tot_flpop_co,cnsmr_popltn_co,tot_repop_co,total_subpas,sub_400m,sub_500m,have_sub,con_20m,con_30m,con_40m,total_worker,active_pop,close_cr_dis,have_cr,cr_in_50m,cr_in_100m,cr_in_500m,close_st_dis,have_st,st_in_50m,st_in_500m,st_in_1000m,passenger_sum_50m,passenger_sum_500m,trdar_se_a,trdar_se_r,trdar_se_u,trdar_se_d,school_yn,mart_yn,starbucks_100,starbucks_500,land_use_intensity,official_land_value,building_counts
10014,개포1호점,서울특별시 강남구 선릉로48 (개포동),127.059737727687,37.4836059941898,2975688.888888889,"[127.059737727687, 37.4836059941898]",0,1,22,21,41,115,0,0,0,2503.0,8137.0,91592.0,18.0,38.0,224.0,6,1,1000928,57.0,279363095.0,547557,87541.03987447007,1623,5496.136752136752,1,1,1,1,1,1,466.0,747,17,1,1,2,38,116,0,0,36,122,0.0,1713081.0,1,0,0,0,1,1,0.0,0.0,120.83,3846887.3,86.0
10015,개포2호점,서울특별시 강남구 개포로512(개포동),127.068842082027,37.4893072141263,5267541.0,"[127.068842082027, 37.4893072141263]",3,3,34,37,43,245,0,0,0,0.0,49669.0,101875.0,0.0,80.0,161.0,4,0,1001475,53.0,251141446.0,42608,87541.03987447007,7,5496.136752136752,1,2,1,1,1,1,138.0,1788,15,1,3,4,65,43,1,4,38,102,202999.0,2775399.0,0,1,0,0,1,0,0.0,0.0,92.32,6539598.82,26.0
10250,소공점,서울시 중구 남대문로7길 11소공동,126.981249523015,37.5636892672995,35317750.666666664,"[126.981249523015, 37.5636892672995]",20,88,334,2,36,196,7,82,272,4810.0,179217.0,616946.0,22.0,172.0,659.0,0,0,1001492,75.0,541220399.0,3569497,386700.16141542,1104,35980.64102564103,1,3,1,1,2,2,104830.0,35,45,1,2,5,161,62,0,0,48,164,0.0,18503415.0,0,0,1,0,0,0,1.0,15.0,437.88,38722545.14,39.0
10280,망우점,서울 중랑구 망우동340-22,127.103342001667,37.6006006646591,2023483.6666666667,"[127.103342001667, 37.6006006646591]",3,15,55,8,36,150,2,7,20,20961.0,20961.0,162378.0,20.0,20.0,240.0,5,1,1000257,58.0,131040098.0,1013753,584148.9281456345,2469,21881.016025641027,2,2,1,1,1,1,104830.0,1253,16,1,5,6,86,19,1,2,51,137,279493.0,3446215.0,0,0,1,0,1,1,0.0,0.0,131.72,2769418.72,236.0
10281,망원점,서울 마포구 망원로69 1층,126.90456553807,37.5574153066539,3418450.111111111,"[126.90456553807, 37.5574153066539]",3,15,44,31,88,154,1,8,19,0.0,126259.0,604349.0,0.0,60.0,280.0,2,0,1001391,48.0,173992934.0,316414,373467.47491279966,589,16948.52564102564,1,1,1,1,1,1,104830.0,1563,9,1,6,11,89,15,1,4,87,176,199841.0,4384890.0,0,0,1,0,1,0,0.0,0.0,152.99,5001474.55,196.0
10327,논현13호점,서울특별시 강남구 학동로43길14 (논현동),127.037507697417,37.517063459454,7891714.777777778,"[127.037507697417, 37.517063459454]",10,50,168,20,87,292,3,7,36,0.0,48446.0,126195.0,0.0,120.0,266.0,1,1,1001111,55.0,314151888.0,778421,266242.251887965,509,84362.41025641025,0,1,0,1,1,1,114.0,1824,13,1,6,8,131,152,0,0,30,97,0.0,4422225.0,1,0,0,0,1,1,0.0,3.0,218.62,6898157.1,110.0
10375,공릉점,서울특별시 노원구 공릉로 101101 (공릉동),127.073821318894,37.6248431089169,18557270.222222224,"[127.073821318894, 37.6248431089169]",0,8,31,14,61,157,0,1,11,0.0,111447.0,398971.0,0.0,50.0,240.0,1,1,1000379,63.0,159015564.0,1007739,264488.883460785,3777,40106.35897435897,1,2,1,0,0,0,190.0,1264,57,0,0,4,55,74,0,0,59,209,0.0,3378481.0,0,1,0,0,1,1,0.0,2.0,101.06,2788105.16,148.0
10691,봉천3호점,서울특별시 관악구 남부순환로233길11(봉천동),126.957888752445,37.4799758583198,2754075.888888889,"[126.957888752445, 37.4799758583198]",1,15,62,11,45,219,1,16,35,7637.0,57608.0,185799.0,24.0,89.0,283.0,5,1,1000836,51.0,158485045.0,774902,78039.88104869994,3282,16529.358974358976,0,0,0,0,0,0,3516.0,1262,39,0,0,4,52,56,0,0,51,139,0.0,17582707.0,0,0,0,1,1,1,0.0,2.0,134.72,4016960.29,140.0
10720,서초19호점,서울특별시 서초구 사임당로17길113(서초동),127.018795301601,37.4933625596371,3930757.3333333335,"[127.018795301601, 37.4933625596371]",5,35,186,26,118,497,4,7,33,0.0,52688.0,173816.0,0.0,87.0,274.0,1,1,1000865,77.0,336774809.0,488264,270086.17497763486,1059,68633.10256410256,0,1,0,1,1,1,1230.0,1330,129,0,0,0,86,112,0,0,52,203,0.0,4398257.0,1,0,0,0,1,1,0.0,2.0,192.96,8994396.45,99.0
10726,산천점,서울특별시 용산구 새창로8길 117산천동,126.95193209445,37.5366099344178,4276728.222222222,"[126.95193209445, 37.5366099344178]",0,4,88,1,67,165,0,2,21,0.0,13754.0,352235.0,0.0,29.0,249.0,4,2,1000461,62.0,331164835.0,461686,322312.5764085448,2938,30148.833333333336,0,1,0,0,0,0,250.0,1943,37,1,1,4,66,115,0,0,62,245,0.0,2418928.0,1,0,0,0,1,1,0.0,0.0,182.0,4144808.23,65.0
10857,양재7호점,서울 서초구 마방로12 (양재동),127.040288947605,37.4738535929322,6044642.666666667,"[127.040288947605, 37.4738535929322]",2,20,77,5,34,126,1,2,5,17566.0,121279.0,245201.0,20.0,100.0,280.0,3,1,1000859,59.0,285280921.0,465505,322312.5764085448,1469,30148.833333333336,0,0,0,1,1,1,1939.0,1011,130,0,0,0,75,156,0,0,37,147,0.0,4323365.0,1,0,0,0,1,1,0.0,0.0,67.38,5549242.09,119.0
10958,발산점,서울특별시 강서구 강서로47길25(내발산동),126.83479779237,37.5526544699313,3559501.888888889,"[126.83479779237, 37.5526544699313]",6,10,79,60,150,357,0,1,5,45032.0,94306.0,593246.0,20.0,69.0,323.0,9,2,1000561,59.0,192780456.0,1040291,273945.08412175515,4280,23100.410256410258,0,1,0,1,1,1,825.0,1898,39,1,1,2,68,180,0,0,31,134,0.0,4268665.0,1,0,0,0,1,1,0.0,1.0,115.09,2132077.91,120.0
11211,당산3호점,서울 영등포구 영등포로 157영등포동,126.899130744815,37.5210957231099,5171257.666666667,"[126.899130744815, 37.5210957231099]",6,39,159,1,58,221,5,17,96,0.0,217890.0,738226.0,0.0,122.0,453.0,2,1,1000727,30.0,158757220.0,461653,355993.73486410524,2065,15490.088319088318,1,1,1,1,1,1,3582.0,1662,15,1,3,3,107,197,0,0,48,171,0.0,6284743.0,1,0,0,0,1,1,0.0,1.0,185.13,4252359.69,265.0
12214,청계스카이렉스점,서울특별시 동대문구 신설동청계천로417 대성스카이렉스 1층 101호,127.023906598956,37.5720071392864,3204510.4444444445,"[127.023906598956, 37.5720071392864]",13,48,140,5,41,151,2,34,98,81231.0,222323.0,584515.0,40.0,140.0,431.0,0,1,1000170,51.0,134372222.0,225115,274851.7404451397,215,19613.25641025641,2,2,1,1,1,1,327.0,563,41,1,3,14,110,93,0,0,43,173,0.0,8003428.0,1,0,0,0,0,1,0.0,2.0,205.07,2950002.74,1.0
12308,숙대역점,서울특별시 용산구 한강대로283,126.97195776476,37.5434381287458,5320983.111111111,"[126.97195776476, 37.5434381287458]",4,25,51,11,31,107,14,27,54,49877.0,91344.0,182232.0,60.0,100.0,269.0,5,0,1001168,59.0,311193122.0,130288,429470.36218564486,243,46889.97435897436,1,1,1,1,1,1,327.0,352,25,1,3,6,58,24,1,4,50,153,1879809.0,9479120.0,1,0,0,0,1,0,2.0,3.0,186.42,11398682.52,150.0
12991,신사한나래점,서울특별시 강남구 논현로 159길10 (신사동),127.027338798625,37.5231163060183,2274501.111111111,"[127.027338798625, 37.5231163060183]",9,54,184,77,254,496,1,11,30,0.0,57107.0,175213.0,0.0,80.0,220.0,1,1,1001135,58.0,293419688.0,3443163,151621.41075561498,3791,73690.14102564103,1,1,1,1,1,1,301.0,862,34,1,1,5,128,86,0,0,18,69,0.0,5276882.0,1,0,0,0,1,1,0.0,6.0,254.61,7906437.3,163.0
13305,롯데월드키자니아점,서울특별시 송파구 올림픽로 240(잠실동),127.098141751177,37.5113096112036,18938157.0,"[127.098141751177, 37.5113096112036]",3,23,87,0,11,288,1,2,16,26006.0,280774.0,716619.0,20.0,110.0,373.0,2,4,1001495,89.0,527347107.0,2956754,151621.41075561498,8221,73690.14102564103,1,1,1,4,5,5,4980.0,1171,100,0,0,0,48,74,0,0,22,83,0.0,13512001.0,1,0,0,0,1,1,0.0,3.0,210.28,36869340.8,44.0
13321,여의점,서울특별시 영등포구 여의서로 43여의도동,126.924843194287,37.5307295655332,5840008.666666667,"[126.924843194287, 37.5307295655332]",7,29,105,0,5,18,0,7,14,44663.0,146158.0,706060.0,20.0,70.0,320.0,0,0,1001144,144.0,822659284.0,210853,1086069.3728881236,800,26104.778846153844,0,0,0,1,1,1,4055.0,283,28,1,4,6,54,7,1,2,16,52,772753.0,3069453.0,0,0,0,1,0,0,0.0,3.0,82.1,7016001.71,10.0
13335,불광역점,서울특별시 은평구 불광로 29(대조동),126.929014125244,37.6109342260839,2143914.4444444445,"[126.929014125244, 37.6109342260839]",7,16,41,11,45,150,7,25,35,19465.0,63655.0,209196.0,20.0,100.0,297.0,2,1,1001248,46.0,121161351.0,288839,253024.55143981983,536,15705.833333333332,2,2,1,0,0,0,14671.0,1038,16,1,2,7,75,69,0,0,54,154,0.0,7542145.0,0,0,0,1,1,1,0.0,1.0,158.49,7006620.08,163.0
13368,구로궁동점,서울특별시 구로구 부일로9길 92,126.824255163537,37.4964368619747,1647166.0,"[126.824255163537, 37.4964368619747]",0,2,10,7,14,36,0,0,0,0.0,7511.0,27987.0,0.0,20.0,100.0,5,0,1000647,56.0,146911048.0,196828,133113.6329170751,1454,15159.28205128205,0,2,0,1,1,1,24375.0,471,10,1,2,2,31,29,1,1,39,91,27367.0,4621961.0,0,0,1,0,1,0,0.0,0.0,55.12,1704384.52,29.0
13421,신정남부점,"서울특별시 양천구 오목로50길 24,101호(신정동)",126.864094880371,37.5238511884102,2291748.777777778,"[126.864094880371, 37.5238511884102]",5,22,85,40,210,667,0,0,8,53539.0,78385.0,395614.0,20.0,29.0,231.0,6,1,1000522,54.0,146381325.0,1158690,324912.65693906485,3362,22167.25641025641,1,1,1,1,1,1,24375.0,1178,89,0,0,1,92,68,0,0,53,155,0.0,10633809.0,0,0,1,0,1,1,0.0,2.0,120.72,4751037.53,74.0
13450,갈현선일점,"서울특별시 은평구 갈현로 29길 2갈현동, 갈현동다세대",126.915206335419,37.619329441153,1975263.0,"[126.915206335419, 37.619329441153]",0,15,51,49,118,280,0,11,32,0.0,64285.0,196829.0,0.0,40.0,220.0,5,0,1000404,51.0,130828177.0,393252,324912.65693906485,2881,22167.25641025641,1,1,1,1,2,2,24375.0,2130,22,1,6,9,81,21,1,6,60,217,288640.0,8034236.0,0,0,1,0,1,0,0.0,1.0,133.18,2656871.52,183.0
13996,선화예고점,서울 광진구 능동25 선화예술중.고등학교매점,127.087338126233,37.5503963146536,7342035.0,"[127.087338126233, 37.5503963146536]",2,15,47,1,35,203,0,3,19,0.0,76377.0,349166.0,0.0,40.0,245.0,4,1,1000130,52.0,183769192.0,258710,241725.0660224601,682,11871.153846153846,0,1,0,0,0,0,24375.0,1103,199,0,0,0,50,197,0,0,36,126,0.0,5692982.0,0,0,1,0,1,1,0.0,1.0,124.72,3324110.78,142.0
14326,관악미성점,서울 관악구 신림동1474-24,126.914347565488,37.4812372459046,1273465.6666666667,"[126.914347565488, 37.4812372459046]",6,20,53,8,50,133,7,16,24,20356.0,65397.0,312636.0,20.0,80.0,220.0,3,0,1000795,42.0,169088854.0,424484,169941.86290754488,3541,22276.01923076923,1,1,1,1,1,1,19439.0,1157,34,1,1,6,56,29,1,2,56,184,108748.0,9686481.0,0,0,0,1,1,0,0.0,0.0,127.42,5182223.97,126.0
14688,논현한어울림점,서울특별시 강남구 학동로12길47(논현동),127.027895003363,37.5099727864134,6240668.111111111,"[127.027895003363, 37.5099727864134]",2,60,241,6,55,315,0,8,60,0.0,13811.0,138869.0,0.0,20.0,219.0,1,2,1000897,44.0,225319068.0,290087,166082.9537633,2048,46889.97435897436,0,0,0,1,1,1,180.0,2280,74,0,0,2,85,322,0,0,13,110,0.0,2233392.0,0,0,0,1,1,1,0.0,1.0,176.42,5387795.69,201.0
15668,미아삼거리역점,서울특별시 강북구 숭인로 73(미아동),127.029693635293,37.6124601854885,1309218.0,"[127.029693635293, 37.6124601854885]",9,33,58,7,34,246,20,27,48,41010.0,97901.0,158259.0,20.0,80.0,189.0,4,1,1001350,41.0,155484375.0,34553,578933.7810308742,235,45429.97435897436,0,0,0,1,2,2,356.0,815,12,1,4,13,107,19,1,2,61,240,347587.0,18678213.0,1,0,0,0,1,1,0.0,2.0,112.32,3849927.74,76.0
15834,M종각역점,서울특별시 종로구 종로 55 종각지하철역사152-05호,126.983239678933,37.5702140381269,6801378.333333333,"[126.983239678933, 37.5702140381269]",14,116,328,41,141,285,12,39,244,84333.0,223788.0,756186.0,72.0,204.0,705.0,0,0,1001494,39.0,112097903.0,3738997,150564.89388329987,1924,4406.692307692308,1,1,1,0,0,0,768.0,57,12,1,7,13,172,92,0,0,50,162,0.0,16768847.0,1,0,0,0,0,0,1.0,15.0,403.37,14885847.72,62.0
16106,장안위더스점,서울특별시 동대문구 한천로60,127.06256224752,37.5669741682164,2954816.0,"[127.06256224752, 37.5669741682164]",5,18,104,2,30,164,0,5,32,41612.0,72521.0,349059.0,20.0,40.0,250.0,1,1,1000214,59.0,160153119.0,799778,964360.127774755,2893,40263.36182336183,1,2,1,1,1,1,339.0,1094,14,1,4,12,58,38,1,2,19,133,458443.0,2617573.0,1,0,0,0,1,1,0.0,0.0,171.14,2903147.1,223.0
16274,강남롯데점,"서울특별시 강남구 선릉로64길 151층 2호, 2호-1(대치동)",127.053950438331,37.4981397756538,4782808.888888889,"[127.053950438331, 37.4981397756538]",13,29,184,182,583,1393,0,1,25,16912.0,43666.0,175790.0,31.0,81.0,301.0,4,3,1001071,55.0,326551425.0,774897,964360.127774755,2019,40263.36182336183,1,5,1,0,0,0,60.0,859,2,1,5,10,96,91,0,0,33,145,0.0,6567608.0,1,0,0,0,1,1,0.0,2.0,238.76,15021751.73,86.0
16972,서초퍼스트점,"서울특별시 서초구 효령로72길 33(서초동, 정동빌딩)",127.027003035801,37.4869795823805,5982377.888888889,"[127.027003035801, 37.4869795823805]",5,35,177,11,57,326,0,4,17,22872.0,23807.0,168907.0,49.0,58.0,256.0,1,0,1000883,73.0,446566036.0,582641,345151.3241218345,2201,31621.94871794872,0,0,0,1,1,1,418.0,1401,61,0,0,3,57,85,0,0,43,156,0.0,3333207.0,1,0,0,0,1,0,0.0,2.0,135.67,6393055.43,66.0
17085,여의도성모병원점,서울시 영등포구 63로10(여의도동),126.936729826762,37.5182708055078,18675009.666666668,"[126.936729826762, 37.5182708055078]",3,20,93,1,29,260,0,0,16,56538.0,149080.0,520431.0,20.0,80.0,349.0,1,1,1001122,162.0,815668367.0,177221,518944.60314415937,1441,57242.57692307692,1,1,1,2,2,2,162.0,613,37,1,1,5,74,102,0,0,17,97,0.0,4659892.0,1,0,0,0,1,1,0.0,1.0,202.54,3072148.28,8.0
17176,서울성모병원점,서울특별시 서초구 반포대로222,127.005860604348,37.5023936158073,76434800.44444445,"[127.005860604348, 37.5023936158073]",2,32,86,1,214,395,0,1,4,0.0,155013.0,240758.0,0.0,48.0,191.0,1,2,1001086,60.0,292990735.0,68183,383800.3597864198,2,145478.71794871794,0,0,0,0,0,0,62.0,901,56,0,0,2,76,32,1,1,28,135,99974.0,11673497.0,0,1,0,0,1,1,0.0,4.0,185.22,10043644.14,7.0
18046,장안대로점,서울특별시 동대문구 장한로92,127.069843827191,37.5688108189618,3303430.222222222,"[127.069843827191, 37.5688108189618]",6,23,72,2,78,190,10,16,27,14364.0,101508.0,314645.0,10.0,50.0,210.0,2,0,1000197,51.0,187786381.0,226372,564876.861506179,1542,43842.38461538461,2,3,1,1,1,1,32935.0,1669,30,1,3,3,85,48,1,2,48,128,499785.0,5605505.0,0,0,1,0,1,0,0.0,0.0,241.01,3197664.47,114.0
18457,가양타워점,"서울특별시 강서구 화곡로68길 1021층 104호(등촌동, 서울시니어스가양타워)",126.858434481829,37.5578104059313,2980344.0,"[126.858434481829, 37.5578104059313]",1,6,37,13,49,131,1,1,11,0.0,263933.0,585719.0,0.0,109.0,328.0,3,2,1001407,37.0,157093804.0,38013,267665.9271063653,3,31621.94871794872,0,0,0,0,0,1,32935.0,559,107,0,0,0,97,149,0,0,50,168,0.0,7827042.0,0,0,1,0,1,1,0.0,1.0,271.38,4540348.63,24.0
18478,역삼한서점,서울특별시 강남구 테헤란로 38길11(역삼동),127.041782586457,37.5012958846463,1394466.5555555555,"[127.041782586457, 37.5012958846463]",16,67,225,11,46,481,22,48,78,14437.0,44551.0,136745.0,39.0,99.0,305.0,1,0,1000930,58.0,288216713.0,1987879,260600.00220671485,3454,12884.94871794872,1,1,1,1,1,1,696.0,183,12,1,2,7,104,229,0,0,34,134,0.0,6403636.0,1,0,0,0,1,0,0.0,7.0,400.61,33323128.67,61.0
18653,신당본점,서울특별시 중구 무학동32-1,127.015313916618,37.5641817971679,3211007.0,"[127.015313916618, 37.5641817971679]",6,27,144,3,22,116,10,27,142,0.0,92703.0,347568.0,0.0,86.0,366.0,6,1,1000033,50.0,176972222.0,710407,412865.81332287984,834,86948.4358974359,0,1,0,1,1,2,673.0,574,20,1,3,7,117,84,0,0,21,152,0.0,3866642.0,0,0,0,1,1,1,0.0,2.0,207.72,7306140.8,195.0
18752,수유도봉로점,"서울특별시 강북구 도봉로 3881층 107호(번동, 테마빌딩)",127.04133717608,37.6241057350225,4188956.6666666665,"[127.04133717608, 37.6241057350225]",0,6,22,0,24,72,0,0,1,0.0,13496.0,124542.0,0.0,29.0,188.0,1,1,1000346,57.0,124138416.0,799975,412865.81332287984,2925,20740.589743589742,0,0,0,0,0,0,3428.0,718,223,0,0,0,43,249,0,0,59,278,0.0,2047383.0,1,0,0,0,1,1,0.0,0.0,56.53,126999.95,2.0
18914,종로성대점,서울특별시 종로구 성균관로 16(명륜2가),126.99767282438,37.5842901776051,5937943.666666667,"[126.99767282438, 37.5842901776051]",5,27,92,6,38,84,10,15,41,12923.0,125883.0,310229.0,19.0,118.0,326.0,5,2,1000010,49.0,152368531.0,426530,238817.7713658748,946,19766.96153846154,2,4,1,1,1,1,10435.0,757,27,1,1,3,63,70,0,0,40,145,0.0,8575305.0,0,0,0,1,1,1,0.0,3.0,113.98,4264580.83,223.0
19127,롯데월드테마광장점,서울특별시 송파구 잠실동40-1,127.097939034042,37.5112866236555,10550477.444444444,"[127.097939034042, 37.5112866236555]",3,22,87,0,11,295,1,2,16,26006.0,280774.0,722560.0,20.0,110.0,383.0,2,4,1001495,89.0,527347107.0,2956754,151621.41075561498,8221,73690.14102564103,1,1,1,4,5,5,2010.0,1171,91,0,0,0,50,80,0,0,22,85,0.0,13512001.0,0,0,0,1,1,1,0.0,3.0,210.28,36869340.8,44.0
19290,잠실역신광장점,서울특별시 송파구 잠실동40-1,127.097939034042,37.5112866236555,84386759.44444445,"[127.097939034042, 37.5112866236555]",3,22,87,0,11,295,1,2,16,26006.0,280774.0,722560.0,20.0,110.0,383.0,2,4,1001495,89.0,527347107.0,2956754,151621.41075561498,8221,73690.14102564103,1,1,1,4,5,5,122.0,1171,91,0,0,0,50,80,0,0,22,85,0.0,13512001.0,1,0,0,0,1,1,0.0,3.0,210.28,36869340.8,44.0
19335,이태원중앙점,서울특별시 용산구 이태원동212-24,126.991682851554,37.5394962280513,8327461.666666667,"[126.991682851554, 37.5394962280513]",3,10,44,1,12,32,1,16,49,0.0,10049.0,60494.0,0.0,27.0,145.0,1,0,1000085,80.0,349667714.0,423484,72502.53375201508,2155,10554.02564102564,0,0,0,1,2,2,64.0,898,29,1,1,1,19,21,1,4,48,128,216621.0,2891554.0,0,1,0,0,1,0,0.0,0.0,102.78,6235163.11,278.0
19650,중국대사관점,서울특별시 중구 명동2가남대문로 68 1층2층,126.98226380533,37.5631099932315,47981002.88888889,"[126.98226380533, 37.5631099932315]",16,86,326,0,30,185,4,94,272,2460.0,117272.0,595703.0,11.0,165.0,638.0,0,0,1001492,113.0,603583081.0,3569497,195785.3146344997,1104,2906.334697217676,0,0,0,2,2,2,5810.0,14,34,0,0,3,153,32,1,2,36,165,2290600.0,15923138.0,1,0,0,0,0,0,1.0,15.0,437.88,61189613.06,173.0
19798,강남푸르지오시티점,"서울특별시 강남구 테헤란로 4길 6,외 4필지 제1층 제 센트럴애비뉴 126호",127.029286360295,37.4976674173806,3690825.0,"[127.029286360295, 37.4976674173806]",38,145,324,98,436,759,8,20,77,23242.0,92703.0,226555.0,20.0,89.0,305.0,0,2,1001066,47.0,262464087.0,1794509,223726.81405153,2502,56354.333333333336,0,1,0,2,2,2,39.0,706,38,1,1,2,92,34,0,0,53,167,0.0,17730363.0,1,0,0,0,0,1,1.0,10.0,291.73,79179839.21,1.0
19841,롯데월드광장점,서울특별시 송파구 올림픽로 240 롯데월드롯데백화점 잠실점 B1층(광장),127.098141751177,37.5113096112036,11632579.333333334,"[127.098141751177, 37.5113096112036]",3,23,87,0,11,288,1,2,16,26006.0,280774.0,716619.0,20.0,110.0,373.0,2,4,1001495,89.0,527347107.0,2956754,1086069.3728881236,8221,26104.778846153844,0,0,0,4,5,5,439.0,1171,100,0,0,0,48,74,0,0,22,83,0.0,13512001.0,1,0,0,0,1,1,0.0,3.0,210.28,36869340.8,44.0
19915,신정중앙점,"서울특별시 양천구 신정중앙로23길 10,1층 편의점(신정동)",126.86355968959,37.5272021169437,2917832.111111111,"[126.86355968959, 37.5272021169437]",8,22,71,24,163,503,0,1,6,0.0,131652.0,348090.0,0.0,69.0,214.0,4,2,1000521,59.0,165336996.0,775589,223726.81405153,2283,56354.333333333336,1,1,1,1,1,1,148.0,777,18,1,1,8,79,68,0,0,27,151,0.0,9823779.0,1,0,0,0,1,1,1.0,2.0,151.53,6581931.81,30.0
19988,성내본점,서울특별시 강동구 양재대로91길 771층,127.131850825335,37.5287429062352,1922975.4444444445,"[127.131850825335, 37.5287429062352]",2,13,73,20,98,217,1,3,16,0.0,171708.0,536624.0,0.0,60.0,350.0,2,2,1000990,57.0,176306721.0,915750,91729.64222737004,4071,19137.8717948718,0,0,0,1,1,1,90.0,1486,58,0,0,4,109,114,0,0,46,132,0.0,2776413.0,1,0,0,0,1,1,0.0,0.0,153.58,4028703.32,124.0
50009,시립대사랑점,서울특별시 동대문구 전농로 2332층(전농동),127.053978285554,37.5793286114287,2405262.5555555555,"[127.053978285554, 37.5793286114287]",6,20,61,8,37,167,1,3,28,0.0,83311.0,293485.0,0.0,110.0,345.0,4,1,1000187,57.0,188465344.0,978019,553112.8083861498,3343,48644.34615384616,1,2,1,0,0,0,27566.0,1734,181,0,0,0,41,224,0,0,35,135,0.0,4744240.0,0,0,0,1,1,1,0.0,0.0,104.0,2915175.92,262.0
50036,문정문현점,"서울특별시 송파구 새말로10길 22,1층 (문정동)",127.127491729994,37.4810076829075,1048736.0,"[127.127491729994, 37.4810076829075]",0,8,36,9,57,129,0,1,1,0.0,147784.0,311033.0,0.0,120.0,337.0,4,3,1000957,51.0,218570789.0,947599,553112.8083861498,3357,48644.34615384616,1,3,1,1,1,1,351.0,1164,94,0,0,0,86,89,0,0,47,123,0.0,6609043.0,1,0,0,0,1,1,0.0,3.0,202.86,5438107.36,40.0
50267,가락신가점,서울특별시 송파구 송이로 791층,127.120139452514,37.4989869659618,3044723.4444444445,"[127.120139452514, 37.4989869659618]",0,10,41,26,59,292,0,1,7,0.0,29349.0,268100.0,0.0,41.0,210.0,4,1,1000959,59.0,224468799.0,453220,1758283.8528284938,1499,53655.88888888889,2,2,1,1,1,1,358.0,1514,25,1,2,4,78,14,1,1,27,107,45399.0,855018.0,1,0,0,0,1,1,0.0,1.0,217.92,5382893.28,105.0
50503,성북동소문점,서울특별시 성북구 동소문로13가길 181층(1층 전체)(동소문동4가),127.010944800052,37.5912398607036,2592514.6666666665,"[127.010944800052, 37.5912398607036]",6,21,60,40,125,257,1,9,38,23346.0,113443.0,307158.0,29.0,116.0,285.0,6,1,1000268,67.0,163011895.0,835147,1758283.8528284938,2855,53655.88888888889,1,2,1,0,1,1,42.0,10683,41,0,0,1,118,90,0,0,68,223,0.0,13528007.0,1,0,0,0,1,1,0.0,1.0,348.32,3837400.03,161.0
50610,용두사거리점,"서울특별시 동대문구 왕산로 681층 102호(용두동 119-1,2번지, 용운빌딩)",127.031043166914,37.5776719238081,4432730.222222222,"[127.031043166914, 37.5776719238081]",5,19,111,7,29,136,1,16,58,34455.0,117555.0,633355.0,20.0,80.0,420.0,1,0,1000210,50.0,144781403.0,1503159,202454.1090783348,2881,15498.692307692309,0,1,0,0,1,1,2096.0,797,19,1,3,15,108,106,0,0,34,141,0.0,5785965.0,1,0,0,0,1,0,0.0,1.0,166.56,3197733.92,198.0
50940,청파숙대점,서울특별시 용산구 청파로47길 831층,126.965742817057,37.5449471948774,3174166.4444444445,"[126.965742817057, 37.5449471948774]",4,20,58,2,24,154,0,7,50,0.0,29841.0,167359.0,0.0,40.0,210.0,8,0,1000073,46.0,166160048.0,945238,186995.99341813973,1666,33318.42307692308,0,0,0,1,1,1,3230.0,653,54,1,1,3,55,78,0,0,36,201,0.0,2996540.0,1,0,0,0,1,0,0.0,1.0,145.77,5372533.28,164.0
50962,대림로점,서울특별시 영등포구 도림로47길 1201동 상가1층 101호,126.899818587984,37.4968428019527,2425002.111111111,"[126.899818587984, 37.4968428019527]",2,13,61,11,53,154,0,2,38,0.0,48564.0,302880.0,0.0,60.0,300.0,3,1,1000693,43.0,121597380.0,1213570,134237.58703697004,1716,29717.153846153844,1,1,1,0,0,0,572.0,508,1,1,4,7,89,89,0,0,56,243,0.0,3619078.0,1,0,0,0,1,1,0.0,0.0,144.27,2806478.85,107.0
50984,종로삼일대로점,서울특별시 종로구 삼일대로 393-11층,126.987390656141,37.5696744077038,5050234.666666667,"[126.987390656141, 37.5696744077038]",16,102,338,66,193,287,15,111,269,74452.0,239001.0,727959.0,72.0,244.0,719.0,0,0,1001494,39.0,112097903.0,3738997,150564.89388329987,1924,4406.692307692308,0,1,0,1,1,1,2512.0,117,15,1,4,9,156,40,1,2,52,158,268739.0,16341090.0,1,0,0,0,0,0,0.0,12.0,431.76,12545875.76,151.0
51028,문래아르디세점,서울특별시 영등포구 선유로17길 24112호,126.887361968624,37.5207713568202,4004948.888888889,"[126.887361968624, 37.5207713568202]",4,33,92,11,64,144,0,12,23,50009.0,179124.0,545127.0,20.0,101.0,341.0,3,1,1000711,72.0,282568421.0,449863,275863.29915289977,1288,14816.602564102564,0,0,0,1,1,1,192.0,1955,4,1,2,10,134,65,0,0,55,146,0.0,4620705.0,1,0,0,0,1,1,0.0,2.0,178.19,4860388.23,41.0
51279,금천필승점,서울특별시 금천구 시흥대로63길 50(시흥동),126.896934280371,37.4554917386009,1785820.111111111,"[126.896934280371, 37.4554917386009]",2,14,37,0,21,159,0,10,22,14285.0,95720.0,167548.0,31.0,132.0,272.0,1,1,1000679,50.0,170447385.0,231906,125268.43316110504,1585,24332.30769230769,0,0,0,1,1,1,964.0,683,29,1,1,1,43,54,0,0,57,165,0.0,8643856.0,1,0,0,0,1,1,0.0,1.0,130.75,4044258.68,14.0
51464,용산서부이촌점,"서울특별시 용산구 이촌로14길 11-6제1동 제1층 101호(이촌동, 이촌시범아파트)",126.954322442255,37.5270679291601,4000489.777777778,"[126.954322442255, 37.5270679291601]",0,0,30,0,1,30,0,1,18,16218.0,16218.0,146271.0,20.0,20.0,120.0,0,0,1000069,58.0,387698359.0,317100,146885.8173975599,1875,8532.47435897436,0,0,0,1,1,1,114.0,920,88,0,0,2,6,70,0,0,14,84,0.0,914819.0,1,0,0,0,0,0,0.0,0.0,51.81,4881824.06,77.0
51501,수서역사1호점,서울특별시 강남구 광평로 지하 270수서역사 지하1층 맞이방층 (수서동),127.101859191018,37.4873889933503,48265977.777777776,"[127.101859191018, 37.4873889933503]",6,9,23,6,8,12,0,0,0,53535.0,53535.0,75281.0,60.0,60.0,120.0,3,1,1001041,62.0,304402414.0,345920,161407.30462483477,1471,30052.384615384617,0,0,0,4,5,5,1016.0,103,14,1,5,8,59,29,1,4,32,53,567345.0,6993524.0,1,0,0,0,1,1,1.0,1.0,193.2,6486486.53,10.0
51531,중랑스마트빌점,"서울특별시 중랑구 망우로36길 26B동 101호(상봉동, 스마트빌)",127.078420175492,37.5933244402416,1605038.4444444445,"[127.078420175492, 37.5933244402416]",4,22,73,3,39,154,5,14,47,51213.0,116659.0,477773.0,28.0,93.0,373.0,2,0,1001329,37.0,131474045.0,520962,221950.96654241503,1458,21302.25641025641,1,1,1,1,1,1,385.0,1872,52,1,1,2,63,172,0,0,37,184,0.0,6017842.0,1,0,0,0,1,0,0.0,1.0,138.0,3048558.81,157.0
51579,명륜카페점,서울특별시 종로구 대학로11길 29(명륜4가),126.99991305192,37.5820692517768,3049938.222222222,"[126.99991305192, 37.5820692517768]",5,53,106,8,42,93,4,15,44,64210.0,173556.0,322009.0,50.0,158.0,336.0,6,2,1001242,42.0,152628083.0,961153,41309.06041475001,629,7421.692307692308,0,0,0,1,1,1,12418.0,233,125,0,0,0,55,102,0,0,48,137,0.0,14546653.0,0,0,0,1,1,1,0.0,6.0,113.98,4629951.6,125.0
51711,약수시장점,서울특별시 중구 다산로8길 20외 5필지 1층(신당동),127.01078581953,37.552715126337,2991371.777777778,"[127.01078581953, 37.552715126337]",3,15,50,15,51,124,1,7,23,17661.0,35752.0,83007.0,28.0,88.0,215.0,3,1,1000038,47.0,155018621.0,204676,221876.0362676148,664,27971.410256410258,2,2,1,0,1,1,12418.0,1785,88,0,0,1,69,74,0,0,36,174,0.0,3972916.0,0,0,0,1,1,1,0.0,1.0,187.53,4558156.95,59.0
51736,미아성우점,"서울특별시 강북구 삼양로24길 19101동상가103호(미아동, 현대성우아파트)",127.02248141752,37.6175056036369,2144968.777777778,"[127.02248141752, 37.6175056036369]",0,5,60,10,66,266,3,9,33,12966.0,30874.0,121774.0,20.0,68.0,186.0,4,1,1000329,51.0,141701667.0,1447825,221876.0362676148,2756,27971.410256410258,2,2,1,0,0,0,179.0,1413,21,1,1,2,61,76,0,0,35,195,0.0,4448335.0,0,1,0,0,1,1,0.0,1.0,183.63,2625981.9,255.0
51767,수서역사5호점,서울특별시 강남구 광평로 지하 270지하2층 맞이방 내 일부(승강장입구)(수서동),127.101859191018,37.4873889933503,25359913.333333332,"[127.101859191018, 37.4873889933503]",6,9,23,6,8,12,0,0,0,53535.0,53535.0,75281.0,60.0,60.0,120.0,3,1,1001041,62.0,304402414.0,345920,373310.1213355148,1471,37416.66666666666,0,0,0,4,5,5,477.0,103,14,1,5,8,59,29,1,4,32,53,567345.0,6993524.0,0,0,0,1,1,1,1.0,1.0,193.2,6486486.53,10.0
51798,돈암하늘채점,서울특별시 성북구 아리랑로75제상가1동 제지1층 제102호,127.013625487132,37.598830255568,2646154.5555555555,"[127.013625487132, 37.598830255568]",1,12,57,9,70,308,0,2,34,10408.0,29468.0,200233.0,20.0,60.0,254.0,3,1,1001339,55.0,192902888.0,179770,231219.8415166198,1061,10037.02564102564,2,2,1,0,0,0,386.0,1540,66,0,0,3,80,56,1,2,93,246,22168.0,4350988.0,1,0,0,0,1,1,0.0,0.0,212.36,2777341.94,93.0
52690,명동롯데점,서울특별시 중구 명동길 3 (명동1가),126.982458901526,37.5637405396691,15224906.444444444,"[126.982458901526, 37.5637405396691]",17,91,339,0,33,209,7,81,284,0.0,112500.0,595163.0,0.0,144.0,628.0,0,0,1001492,113.0,603583081.0,3569497,134477.3639156699,1104,23815.23076923077,0,0,0,1,1,1,26.0,14,19,1,1,3,163,52,0,0,42,168,0.0,20585939.0,1,0,0,0,0,0,1.0,15.0,437.88,61189613.06,173.0
52754,광희본점,서울특별시 중구 마른내로 1461층1호,127.004172304234,37.5645558191847,5119350.444444444,"[127.004172304234, 37.5645558191847]",10,52,196,1,17,67,22,80,177,17227.0,80046.0,357530.0,20.0,90.0,435.0,1,0,1001205,46.0,86000000.0,417823,98008.79924338484,406,9133.307692307691,2,2,1,1,1,1,22.0,223,20,1,4,9,133,82,0,0,37,119,0.0,6003896.0,0,1,0,0,1,0,0.0,2.0,209.63,7853712.46,229.0
52840,시그니처2호점,"서울특별시 중구 소월로 31층(남창동, 롯데손해보험빌딩)",126.9765934703,37.5569451050749,7516191.666666667,"[126.9765934703, 37.5569451050749]",21,62,207,0,4,66,8,55,198,7461.0,41791.0,210648.0,30.0,98.0,331.0,1,0,1000048,84.0,213297572.0,214310,47355.93357913007,1479,7820.410256410256,0,1,0,0,0,0,3166.0,213,11,1,3,10,129,22,1,2,62,166,131126.0,20313143.0,0,0,0,1,1,0,0.0,7.0,336.18,2926870.89,103.0
53044,상계1호점,서울특별시 노원구 한글비석로24길 49(상계동),127.07286453767,37.6628590986958,3200379.0,"[127.07286453767, 37.6628590986958]",0,10,30,24,63,246,1,5,9,0.0,86930.0,260491.0,0.0,47.0,197.0,2,0,1000387,53.0,110672912.0,882965,298522.21420683985,2311,17502.700854700855,2,3,1,1,1,1,438.0,2157,56,1,1,3,89,49,1,1,50,140,10470.0,4874424.0,1,0,0,0,1,0,0.0,0.0,128.96,2878370.57,105.0
53046,자양금모래점,"서울특별시 광진구 뚝섬로56길 22제1층 제101호(자양동, 드림팰리스6차)",127.082425891196,37.530408464451,1879852.111111111,"[127.082425891196, 37.530408464451]",1,11,60,31,67,177,0,1,10,0.0,122359.0,274203.0,0.0,80.0,159.0,3,1,1000147,54.0,205955422.0,546966,268550.10434706,3485,33684.70037745673,1,3,1,1,1,1,180.0,2684,29,1,4,6,60,62,0,0,22,76,0.0,3853880.0,1,0,0,0,1,1,0.0,0.0,110.54,3835063.66,180.0
53980,경희궁롯데캐슬점,"서울특별시 종로구 통일로 230 (무악동)근린생활시설 123호(지하1층,경희궁롯데캐슬)",126.958604295236,37.574374261303,3853533.0,"[126.958604295236, 37.574374261303]",4,12,26,11,54,106,0,1,12,21224.0,55897.0,92698.0,36.0,94.0,153.0,3,0,1000025,43.0,99746000.0,557305,88222.90537382,886,32934.05128205128,1,1,1,1,1,1,948.0,248,48,1,2,4,47,109,0,0,65,144,0.0,5415392.0,1,0,0,0,1,0,0.0,1.0,109.75,4400398.9,35.0
58018,발산신화점,"서울특별시 강서구 강서로 3601층 113,114호(내발산동, 솔레드림)",126.83326640676,37.5543737621718,7280476.777777778,"[126.83326640676, 37.5543737621718]",1,16,99,9,127,358,0,1,7,10365.0,109256.0,682535.0,20.0,87.0,392.0,7,0,1000561,59.0,192780456.0,1040291,355993.73486410524,4280,15490.088319088318,1,2,1,0,0,0,13.0,18,100,0,0,0,58,312,0,0,26,151,0.0,2860340.0,1,0,0,0,1,0,0.0,1.0,115.09,1316030.94,2.0
58085,용산해방촌점,서울특별시 용산구 신흥로 571층(용산동2가),126.982945593811,37.5419195197565,3589589.111111111,"[126.982945593811, 37.5419195197565]",0,4,27,0,5,43,0,3,34,0.0,3485.0,90053.0,0.0,20.0,179.0,5,0,1001169,67.0,371583333.0,50433,174085.50709595493,496,40817.15384615384,0,0,0,0,0,0,3807.0,327,450,0,0,0,9,187,0,0,40,135,0.0,2913804.0,0,0,0,1,1,0,0.0,0.0,10.95,3445943.98,81.0
58090,응암중앙점,서울특별시 은평구 가좌로7길 61층(응암동),126.919058598652,37.5860350630026,2766641.888888889,"[126.919058598652, 37.5860350630026]",1,7,32,16,67,209,1,12,15,0.0,49016.0,331703.0,0.0,49.0,254.0,4,0,1000389,48.0,107592090.0,914914,42403.04242461002,3479,13100.74358974359,1,1,1,1,1,1,329.0,1707,5,1,2,2,77,67,0,0,61,237,0.0,5127069.0,1,0,0,0,1,0,0.0,0.0,115.81,2397686.28,239.0
58101,역삼래미안점,"서울특별시 강남구 언주로 314제1층 102호(역삼동, 강남프라자)",127.046476269108,37.4958917878081,3295357.0,"[127.046476269108, 37.4958917878081]",0,12,161,12,57,631,0,1,49,6330.0,29087.0,147341.0,20.0,80.0,321.0,2,1,1000904,53.0,269155073.0,1402256,96705.01246420002,5822,9531.871794871797,0,0,0,1,1,1,7206.0,1651,29,1,2,4,76,58,0,0,44,125,0.0,4802599.0,1,0,0,0,1,1,0.0,1.0,246.11,9193742.36,67.0
58187,역삼은탑점,"서울특별시 강남구 테헤란로14길 5지상1층(역삼동, 삼흥빌딩)",127.033217749748,37.499089066355,6543019.25,"[127.033217749748, 37.499089066355]",19,113,346,30,309,718,5,20,106,12224.0,37697.0,187607.0,20.0,50.0,268.0,0,1,1001073,53.0,281223209.0,1743996,206268.06005813988,5614,22237.25641025641,0,0,0,1,1,2,22546.0,359,39,1,1,3,47,69,0,0,17,151,0.0,5821867.0,0,0,0,1,0,1,1.0,7.0,371.57,25108080.61,52.0
59007,E공덕S오일본사점,"서울특별시 마포구 백범로 192B1층 일부(공덕동, S-OIL빌딩)",126.951619722191,37.5432324266947,147111.11111111112,"[126.951619722191, 37.5432324266947]",17,52,101,6,66,306,5,10,20,104844.0,111133.0,314395.0,60.0,70.0,230.0,2,3,1001167,119.0,766050177.0,295097,206874.99528260017,484,16529.358974358976,4,4,1,1,1,1,2420.0,1178,37,1,1,11,141,26,1,2,76,271,205342.0,9914144.0,0,0,0,1,1,1,1.0,5.0,275.3,11754284.18,108.0
