,parking_200m,parking_500m,parking_1000m,academy_200m,academy_500m,academy_1000m,accommodation_200m,accommodation_500m,accommodation_1000m,bike_count_200m,bike_count_500m,bike_count_1000m,bike_station_200m,bike_station_500m,bike_station_1000m,school_500m,mart_1000m,trdar_cd,apt_avg_ae,apt_avg_price,tot_flpop_co,cnsmr_popltn_co,tot_repop_co,total_subpas,sub_400m,sub_500m,con_20m,con_30m,con_40m,total_worker,active_pop,close_cr_dis,cr_in_50m,cr_in_100m,cr_in_500m,close_st_dis,st_in_50m,st_in_500m,st_in_1000m,passenger_sum_50m,passenger_sum_500m,starbucks_100,starbucks_500,land_use_intensity,official_land_value,building_counts,have_sub,have_cr,have_st,trdar_se_a,trdar_se_r,trdar_se_u,trdar_se_d,school_yn,mart_yn
0,0.0,0.08275862068965517,0.42901234567901236,0.12244897959183673,0.12873563218390804,0.8286479250334672,0.0,0.009009009009009009,0.17253521126760563,0.08502122172675011,0.0768421014022308,0.11040666300993753,0.2777777777777778,0.2678571428571428,0.335559265442404,0.2222222222222222,0.25,0.6020202020202987,0.128,0.24862928762057113,0.3686162923157733,0.0322636955965869,0.7081153424990874,0.04647139191021696,0.0,0.0,0.25,0.2,0.2,0.06862436436837537,0.1534351860530509,0.1414141414141414,0.3333333333333333,0.3333333333333333,0.445859872611465,0.1619047619047619,0.0,0.5636363636363636,0.3782383419689119,0.0,0.20007079243792017,0.0,0.06666666666666667,0.5032766078690394,0.10117295307061404,0.25287356321839083,0,1,0,1,0,0,0,1,1
1,0.07894736842105263,0.1586206896551724,0.20061728395061726,0.0,0.022988505747126436,0.36947791164658633,0.045454545454545456,0.018018018018018018,0.056338028169014086,0.3492988771288884,1.0000000000000002,0.9826254293847808,0.2777777777777778,0.4017857142857143,0.42237061769616036,0.2222222222222222,1.0,1.0,0.416,0.5991197241192986,0.7886391835252462,0.6084890221391294,0.9999999999999999,0.16271344856467534,0.0,0.0,1.0,1.0,1.0,0.004064226222845531,0.10844502765020152,0.5,0.0,0.0,0.26751592356687903,0.2126984126984127,0.0,0.1636363636363636,0.1606217616580311,0.0,0.6414795842525547,0.0,0.2,0.4104696039578315,0.45660892589167473,0.1647509578544061,0,0,0,1,0,0,0,1,1
2,0.13157894736842105,0.24137931034482757,0.4783950617283951,0.11224489795918366,0.12873563218390804,0.4203480589022758,0.0,0.036036036036036036,0.05985915492957747,0.30720464191693975,0.05747569112042753,0.14344899016053858,0.6805555555555555,0.16964285714285712,0.2270450751252087,0.1111111111111111,0.0,0.5878787878788216,0.288,0.489461062707519,0.14715762078409417,0.176963730073136,0.2675507969339336,0.20141077371257926,0.0,0.0,0.25,0.2,0.2,0.0038638770428461033,0.13000281188490018,0.3030303030303031,0.0,0.25,0.32484076433121023,0.2476190476190476,0.0,0.5454545454545454,0.5388601036269429,0.0,0.12559925611176487,0.0,0.13333333333333333,0.21721449478073923,0.06520390670329076,0.2490421455938697,0,0,0,1,0,0,0,1,0
3,0.15789473684210525,0.1586206896551724,0.15432098765432098,0.02040816326530612,0.17701149425287355,0.23828647925033467,0.4545454545454546,0.14414414414414414,0.09507042253521127,0.1929296728093268,0.34247369212542683,0.366741333398705,0.1388888888888889,0.13392857142857142,0.15025041736227043,0.2222222222222222,0.0,0.12592592592602614,0.11200000000000004,0.1381729426490198,0.05089430270436186,0.3049362188686481,0.1873707263657379,0.2871246800017013,1.0,0.75,0.25,0.2,0.2,0.3140902716162454,0.15512231699315773,0.14646464646464646,0.5,0.25,0.5031847133757962,0.13015873015873017,0.3333333333333333,0.6363636363636364,0.39378238341968913,0.21818955732122589,0.24076357104668356,0.0,0.0,0.4900665682389205,0.024165701264896536,0.4329501915708812,1,1,1,0,0,1,0,1,0
4,0.05263157894736842,0.10344827586206896,0.07716049382716048,0.01020408163265306,0.07816091954022988,0.2556894243641232,0.0,0.02702702702702703,0.06690140845070423,0.0,0.2502961813693666,0.41963265193556387,0.0,0.08928571428571427,0.20868113522537565,0.4444444444444444,0.25,0.0808080808080831,0.12000000000000005,0.13271969026049768,0.05963197895478607,0.11672623645566912,0.08273512592772843,0.06287907198073603,0.0,0.25,0.0,0.0,0.0,0.23242412967362164,0.10207142187646452,1.0000000000000002,0.0,0.0,0.28025477707006374,0.6031746031746031,0.0,0.4181818181818182,0.38341968911917096,0.0,0.24519706910792455,0.0,0.06666666666666667,0.18885176263371928,0.02578964328378078,0.5402298850574712,0,0,0,0,0,1,0,1,1
5,0.10526315789473684,0.08275862068965517,0.012345679012345678,0.11224489795918366,0.12183908045977011,0.1258366800535475,0.0,0.009009009009009009,0.04225352112676056,0.28506957502820607,0.1751779839126751,0.026685440600112145,0.5,0.3303571428571428,0.055091819699499195,0.3333333333333333,0.0,0.01010101010103881,0.04800000000000004,0.018659915511225672,0.14031187381517995,0.02732354905054718,0.10755566370604697,0.21061383628457814,0.5,0.25,0.25,0.2,0.2,0.008920308728545942,0.02193270222138907,0.23737373737373738,0.3333333333333333,0.3333333333333333,0.2611464968152866,0.3238095238095238,0.0,0.9454545454545453,0.47668393782383417,0.0,0.2311282884362063,0.0,0.06666666666666667,0.1500764110135468,0.03961234402130279,0.13026819923371646,1,1,0,1,0,0,0,1,0
6,0.05263157894736842,0.09655172413793103,0.046296296296296294,0.0,0.04597701149425287,0.1967871485943775,0.0,0.09009009009009009,0.07746478873239437,0.19186858647182076,0.32124399843014706,0.14136679955506387,0.4305555555555555,0.5,0.25375626043405675,0.1111111111111111,0.25,0.4505050505050576,0.10400000000000004,0.11463560812192247,0.052389580716912035,0.04889959544969437,0.19260250638763837,0.15028136941005057,0.0,0.0,0.25,0.2,0.2,0.00907295572283122,0.06270503327397133,0.1414141414141414,0.16666666666666666,0.08333333333333333,0.2356687898089172,0.1492063492063492,0.0,0.8,0.5854922279792747,0.0,0.39475288558501653,0.0,0.06666666666666667,0.20447069184344813,0.035038457540371215,0.04980842911877394,0,1,0,1,0,0,0,1,1
7,0.07894736842105263,0.15172413793103448,0.20061728395061726,0.0,0.022988505747126436,0.3788487282463186,0.045454545454545456,0.018018018018018018,0.056338028169014086,0.3492988771288884,1.0000000000000002,0.991727927094218,0.2777777777777778,0.4017857142857143,0.43906510851419034,0.2222222222222222,1.0,1.0,0.416,0.5991197241192986,0.7886391835252462,0.06424808962150606,0.9999999999999999,0.4964762790249458,0.5,0.25,1.0,1.0,1.0,0.019052252974231278,0.10844502765020152,0.4545454545454546,0.0,0.0,0.28025477707006374,0.23174603174603173,0.0,0.1636363636363636,0.17098445595854922,0.0,0.6414795842525547,0.0,0.2,0.4104696039578315,0.45660892589167473,0.1647509578544061,1,0,0,0,0,0,1,1,1
8,0.0,0.05517241379310345,0.043209876543209874,0.09183673469387754,0.12873563218390804,0.15662650602409636,0.0,0.009009009009009009,0.0035211267605633804,0.0,0.5122085410270799,0.36120721090645,0.0,0.4464285714285714,0.3622704507512521,0.4444444444444444,0.75,0.6377104377104388,0.11200000000000004,0.1799621505890096,0.24576869286654573,0.29808460219261573,0.4082005110110719,0.32080554742460754,0.5,0.75,0.25,0.2,0.2,0.003224667754276501,0.1077889211734933,0.4696969696969698,0.0,0.0,0.5095541401273885,0.26031746031746034,0.0,0.6181818181818182,0.3678756476683938,0.0,0.2916247548707939,0.0,0.2,0.3912502913979331,0.052939568608130705,0.14942528735632182,1,0,0,1,0,0,0,1,1
9,0.10526315789473684,0.22758620689655173,0.21604938271604937,0.11224489795918366,0.14482758620689656,0.17670682730923692,0.0,0.10810810810810811,0.08098591549295775,0.6716945145865792,0.627159923267935,0.7198741186312393,0.2777777777777778,0.3616071428571428,0.3689482470784642,0.3333333333333333,0.25,0.472053872053948,0.2800000000000001,0.26683763480540074,0.11128121602254967,0.13660901707730408,0.15646672344567464,0.08353839358829375,0.0,0.0,0.25,0.2,0.2,0.0017077382485665494,0.18192895304152215,0.015151515151515152,0.3333333333333333,0.8333333333333333,0.8152866242038217,0.1841269841269841,0.0,0.7636363636363637,0.48704663212435234,0.0,0.1908520641281773,0.0,0.13333333333333333,0.32734996244204423,0.0455199581005544,0.1532567049808429,0,1,0,1,0,0,0,1,1
10,0.5,0.7793103448275862,0.9999999999999999,0.3061224489795918,0.7080459770114942,0.9451137884872824,0.2272727272727273,0.18018018018018017,0.3732394366197183,0.164186321388277,0.10842255453221683,0.17210017803572358,0.2777777777777778,0.13392857142857142,0.24707846410684473,0.0,0.25,0.7158249158250101,0.128,0.2650115368667505,0.4609538976661342,0.09607537651236482,0.6828081275094293,0.13558671933637134,0.0,0.0,0.25,0.2,0.4,0.2149746701393858,0.03233667635204798,0.19191919191919193,0.16666666666666666,0.25,0.2611464968152866,0.19682539682539682,0.0,0.07272727272727272,0.5129533678756477,0.0,0.25172920209857413,1.0,0.4666666666666667,0.828243582769964,0.3055597998430652,0.1954022988505747,0,1,0,0,0,0,1,0,1
11,0.05263157894736842,0.13793103448275862,0.1697530864197531,0.0510204081632653,0.07586206896551724,0.15261044176706826,0.045454545454545456,0.018018018018018018,0.017605633802816902,0.23593724815988823,0.4149913621408686,0.2603427723931249,0.2777777777777778,0.3571428571428571,0.26711185308848084,0.3333333333333333,0.25,0.5717171717171823,0.17600000000000005,0.27051979840384394,0.11550765958458614,0.16366199273010681,0.1784888672587906,0.19107837026234878,0.0,0.0,0.25,0.2,0.2,0.018374881937090356,0.09344830818258505,0.6515151515151515,0.0,0.0,0.4394904458598726,0.47301587301587306,0.0,0.4363636363636364,0.4922279792746114,0.0,0.1757823164970353,0.0,0.0,0.040329473929598264,0.05436686496659586,0.4521072796934866,0,0,0,1,0,0,0,1,1
12,0.13157894736842105,0.15172413793103448,0.19444444444444445,0.4081632653061224,0.4804597701149425,0.8768406961178046,0.0,0.0,0.028169014084507043,0.7191076129586847,0.25766128588562814,0.49079791260008765,0.2777777777777778,0.040178571428571425,0.18530884808013356,0.6666666666666666,0.25,0.3447811447812228,0.136,0.0819664209919874,0.30280514587471874,0.16517633093822043,0.40880885752524637,0.13509574066011173,0.5,0.25,0.25,0.2,0.2,0.23242412967362164,0.10910113412690974,0.44444444444444453,0.0,0.08333333333333333,0.5477707006369427,0.19365079365079366,0.0,0.7272727272727273,0.5336787564766841,0.0,0.49560742754988474,0.0,0.13333333333333333,0.1784909472375476,0.04411557392734755,0.27969348659003834,1,0,0,0,0,1,0,1,1
13,0.0,0.05517241379310345,0.027777777777777776,0.14285714285714285,0.13793103448275862,0.19410977242302543,0.0,0.009009009009009009,0.03873239436619719,0.0,0.3789287587524804,0.49594133707586274,0.0,0.13392857142857142,0.2003338898163606,0.1111111111111111,0.25,0.24848484848484986,0.20800000000000002,0.0991171435504504,0.26201842537011777,0.12998433292796693,0.4593016182017277,0.2609202668059478,0.5,0.5,0.0,0.0,0.0,0.0016886573742808896,0.11716187084075358,0.2828282828282829,0.0,0.3333333333333333,0.3121019108280255,0.2126984126984127,0.0,0.8363636363636364,0.8134715025906736,0.0,0.12789382715586364,0.0,0.13333333333333333,0.12756753956536382,0.01890575676565223,0.5632183908045977,1,0,0,0,1,0,0,1,1
14,0.05263157894736842,0.2206896551724138,0.19753086419753083,0.01020408163265306,0.48965517241379314,0.5127175368139224,0.0,0.009009009009009009,0.014084507042253521,0.0,0.5387236508617685,0.25353543401187106,0.0,0.125,0.11853088480801335,0.1111111111111111,0.5,0.7245791245791224,0.184,0.2809857141500439,0.008151886092995808,0.1994736911018894,0.0,1.0,0.0,0.0,0.0,0.0,0.0,0.00046748141999866427,0.08313806354859875,0.27777777777777785,0.0,0.16666666666666666,0.445859872611465,0.07936507936507936,0.16666666666666666,0.2727272727272727,0.4300518134715026,0.04364533310049769,0.5483007610237759,0.0,0.26666666666666666,0.3455590955008159,0.11208818825989336,0.022988505747126433,0,0,1,0,1,0,0,1,1
15,1.0,1.0,0.9320987654320988,0.9999999999999999,0.9999999999999999,1.0,0.36363636363636365,0.18018018018018017,0.2711267605633803,0.3121742867888035,0.31017800225207875,0.23177432056848857,0.2777777777777778,0.3080357142857143,0.3088480801335559,0.0,0.5,0.7111111111111086,0.08000000000000002,0.2395464101691821,0.47460243005643904,0.10624369935002653,0.3041732570872369,0.3748832517012248,0.0,0.25,0.5,0.4,0.4,0.00024805136571357704,0.06486081169744118,0.18686868686868688,0.16666666666666666,0.16666666666666666,0.5477707006369427,0.08571428571428572,0.0,0.7272727272727273,0.5958549222797929,0.0,0.8552740645000809,1.0,0.6666666666666666,0.6214417074623774,0.9999999999999999,0.0,0,1,0,1,0,0,0,0,1
16,0.5263157894736842,0.6068965517241379,0.9629629629629629,0.02040816326530612,0.08045977011494253,0.24631860776439088,0.3181818181818182,0.7387387387387387,0.9577464788732395,0.06460538333422876,0.6275010361763077,0.8299115337118762,0.3055555555555555,0.6785714285714285,0.8998330550918198,0.0,0.0,0.9979797979798377,0.304,0.617952435932376,0.9542013691493938,0.20116259279212542,0.134079571724054,0.2319825591333469,0.5,0.75,0.25,0.4,0.4,1.0,0.00196831943012466,0.22222222222222224,0.3333333333333333,0.41666666666666663,0.9872611464968153,0.1746031746031746,0.0,0.6363636363636364,0.5803108808290156,0.0,0.8944537865211665,1.0,1.0,1.0,0.48040951285466843,0.14559386973180075,1,1,0,0,0,1,0,0,0
17,0.13157894736842105,0.36551724137931035,0.2592592592592593,0.08163265306122448,0.09425287356321839,0.10843373493975902,0.18181818181818182,0.13513513513513514,0.15492957746478875,0.8624348573577607,0.606737163334397,0.3780240792550078,0.6944444444444444,0.6160714285714285,0.3606010016694491,0.6666666666666666,0.5,0.8296296296297214,0.040000000000000036,0.09044626796558503,0.2494309621441217,0.0,0.07628665287747902,0.03167063289185157,0.0,0.0,0.25,0.2,0.2,0.11834912275680472,0.020526759771300026,0.6262626262626263,0.0,0.0,0.3121019108280255,0.3015873015873016,0.0,0.6363636363636364,0.4404145077720208,0.0,0.6939176838222605,0.0,0.4,0.16103297329499833,0.04256047493218765,0.47509578544061304,0,0,0,0,0,0,1,1,1
18,0.15789473684210525,0.06206896551724138,0.0030864197530864196,0.061224489795918366,0.016091954022988506,0.0,0.0,0.0,0.0,0.7190538870681781,0.1665144496161563,0.0,0.8333333333333333,0.17857142857142858,0.0,0.3333333333333333,0.25,0.6942760942761197,0.2,0.2964768363660506,0.0831959824738502,0.1933639692252172,0.17873220586446037,0.24205481582342728,0.0,0.0,1.0,1.0,1.0,0.004426762834273066,0.008341925203861655,0.06565656565656566,0.8333333333333333,0.6666666666666666,0.33757961783439494,0.06984126984126984,0.6666666666666666,0.34545454545454546,0.005181347150259086,0.2476840129223784,0.3111109714543989,1.0,0.06666666666666667,0.3662289222161784,0.06640383645340034,0.034482758620689655,0,1,1,0,0,0,1,1,1
19,0.05263157894736842,0.41379310344827586,0.6759259259259259,0.061224489795918366,0.12413793103448277,0.40562248995983935,0.0,0.07207207207207207,0.2112676056338028,0.0,0.020811555291468144,0.09742629596830289,0.0,0.0,0.16527545909849753,0.1111111111111111,0.5,0.5973063973063972,0.055999999999999994,0.18912280212299615,0.06810999453118413,0.07267077763741736,0.24893539360019465,0.3085004168315595,0.0,0.0,0.25,0.2,0.2,0.0015932530028525908,0.2123910394601181,0.36868686868686873,0.0,0.16666666666666666,0.5031847133757962,0.9999999999999999,0.0,0.0,0.3005181347150259,0.0,0.06985857375841706,0.0,0.06666666666666667,0.3227653016292382,0.05229341898974138,0.7662835249042145,0,0,0,0,0,0,1,1,1
20,0.0,0.06896551724137931,0.058641975308641986,0.26530612244897955,0.13333333333333336,0.3748326639892905,0.0,0.009009009009009009,0.024647887323943664,0.0,0.0778030861548506,0.29542745427301054,0.0,0.09375,0.15025041736227043,0.4444444444444444,0.25,0.6390572390572515,0.17600000000000005,0.18796857924348104,0.11218827209196257,1.0,0.18213894634383743,0.3559564133970327,1.0,0.5,0.25,0.2,0.2,0.0032914508142763105,0.1405942450089043,0.12121212121212122,0.3333333333333333,0.3333333333333333,0.4585987261146497,0.022222222222222223,0.16666666666666666,0.2545454545454545,0.28497409326424866,0.019819697895747838,0.0,0.0,0.06666666666666667,0.43025876136451935,0.0522304576459679,0.39846743295019155,1,1,1,1,0,0,0,1,1
21,0.0,0.027586206896551724,0.2037037037037037,0.01020408163265306,0.1517241379310345,0.20481927710843373,0.0,0.018018018018018018,0.07394366197183098,0.0,0.020602486089562312,0.4243348174750795,0.0,0.040178571428571425,0.21535893155258765,0.4444444444444444,0.5,0.303703703703718,0.2,0.332806278730073,0.11447577184878399,0.16366199273010681,0.357221073123251,0.19107837026234878,0.0,0.25,0.0,0.0,0.0,0.0022610836028506827,0.18080419908145093,0.18181818181818182,0.16666666666666666,0.3333333333333333,0.3821656050955414,0.34285714285714286,0.0,0.8909090909090909,1.0,0.0,0.0792618854436648,0.0,0.0,0.33721863910689776,0.03632980909681366,0.24521072796934865,0,1,0,1,0,0,0,1,1
22,0.02631578947368421,0.04827586206896552,0.030864197530864196,0.16326530612244897,0.1517241379310345,0.2637215528781794,0.045454545454545456,0.10810810810810811,0.0528169014084507,0.0,0.14993929657383262,0.39287673247757693,0.0,0.12946428571428573,0.2237061769616027,0.4444444444444444,0.0,0.25521885521891363,0.08800000000000002,0.029310823156611432,0.23693725776712354,0.0006371567099841199,0.42304416595692906,0.07150339119002305,0.5,0.25,0.25,0.2,0.2,0.0030147781371342437,0.15868403786671664,0.020202020202020204,0.3333333333333333,0.16666666666666666,0.45222929936305734,0.19047619047619047,0.0,0.8727272727272728,0.9585492227979275,0.0,0.21651553923914652,0.0,0.0,0.1657730463387469,0.013891631606936811,0.9118773946360152,1,1,0,1,0,0,0,1,0
23,0.18421052631578946,0.1103448275862069,0.058641975308641986,0.11224489795918366,0.10114942528735632,0.18473895582329317,0.3181818181818182,0.22522522522522523,0.12323943661971831,0.26144361467791327,0.20363340265627924,0.205177744615262,0.2777777777777778,0.3571428571428571,0.2954924874791319,0.2222222222222222,0.25,0.833670033670046,0.07200000000000001,0.047730819068860064,0.06777278691288587,0.12330727973439706,0.06497140771383379,0.08977544138781147,1.0,0.5,0.0,0.0,0.0,0.13984372763960043,0.09597900459274533,0.07575757575757576,0.3333333333333333,0.5833333333333333,0.4394904458598726,0.19682539682539682,0.0,0.7454545454545455,0.528497409326425,0.0,0.33891611040356406,0.0,0.06666666666666667,0.27632294661589873,0.07308387897323687,0.6206896551724137,1,1,0,0,0,0,1,1,1
24,0.15789473684210525,0.06896551724137931,0.1759259259259259,0.6122448979591836,0.34252873563218394,0.46184738955823296,0.0,0.009009009009009009,0.017605633802816902,0.6048460753236985,0.3160576150705883,0.7935996004155188,0.2777777777777778,0.21874999999999997,0.3388981636060101,1.0,0.5,0.3710437710437873,0.17600000000000005,0.1449522979201332,0.27081392408073096,0.13549181079121297,0.5205012775276797,0.1416408640905572,0.0,0.25,0.25,0.2,0.2,0.007746834959977866,0.1765863717311838,0.19191919191919193,0.16666666666666666,0.16666666666666666,0.39490445859872614,0.5492063492063491,0.0,0.32727272727272727,0.42487046632124353,0.0,0.17301001813346675,0.0,0.06666666666666667,0.16390809956743596,0.010480439990428948,0.4559386973180077,0,1,0,1,0,0,0,1,1
25,0.07894736842105263,0.10344827586206896,0.10185185185185183,0.08163265306122448,0.08045977011494253,0.18473895582329317,0.09090909090909091,0.06306306306306306,0.07042253521126761,0.2815370977273948,0.04703690254807675,0.13344558878957158,0.2777777777777778,0.0,0.2003338898163606,0.5555555555555556,0.25,0.1663299663300677,0.16800000000000004,0.06114101726300922,0.263643398620475,0.3161606507733021,0.30015817009368534,0.13308805601539025,1.0,0.5,0.25,0.2,0.2,1.0,0.11613084637735495,0.07575757575757576,0.8333333333333333,0.5,0.5095541401273885,0.0380952380952381,0.3333333333333333,0.6909090909090909,0.4404145077720208,0.12201737536016764,0.13132671303078047,0.0,0.0,0.20698318957701972,0.018665767990184132,0.900383141762452,1,1,1,0,0,1,0,1,1
26,0.2631578947368421,0.3448275862068966,0.4506172839506173,0.2040816326530612,0.19770114942528738,0.3748326639892905,0.13636363636363635,0.06306306306306306,0.1267605633802817,0.0,0.1478486045547743,0.07800783847471494,0.0,0.4464285714285714,0.24373956594323873,0.1111111111111111,0.25,0.741414141414225,0.14400000000000002,0.30971154909112636,0.2000570659046351,0.1310055292990069,0.06168633653729164,0.5713313735907928,0.0,0.25,0.25,0.2,0.2,0.0009635841514258183,0.1696503889774112,0.060606060606060615,1.0,0.6666666666666666,0.7961783439490446,0.46031746031746035,0.0,0.3090909090909091,0.23316062176165803,0.0,0.18079272630000395,0.0,0.2,0.43207190405884943,0.0716908957322439,0.41762452107279696,0,1,0,1,0,0,0,1,1
27,0.15789473684210525,0.13793103448275862,0.12037037037037038,0.08163265306122448,0.08275862068965517,0.2074966532797858,0.045454545454545456,0.02702702702702703,0.09859154929577466,0.0,0.27572926638717415,0.33432105877630314,0.0,0.4017857142857143,0.3756260434056762,0.4444444444444444,0.25,0.11919191919196237,0.16000000000000003,0.1390946211165921,0.2539881285625661,0.29808460219261573,0.4064971407713834,0.32080554742460754,0.5,0.5,0.0,0.0,0.0,0.26286766459639177,0.16121473427687694,0.9090909090909092,0.0,0.0,0.2229299363057325,0.6888888888888889,0.0,0.4,0.4300518134715026,0.0,0.1971130491070336,0.0,0.0,0.13518273888154997,0.020537718556672902,1.0,1,0,0,0,0,0,1,1,1
28,0.42105263157894735,0.593103448275862,0.9382716049382717,0.0,0.06666666666666667,0.23159303882195448,0.18181818181818182,0.8468468468468469,0.9577464788732395,0.03304142266158062,0.4002941640349622,0.7973640907154829,0.15277777777777776,0.6473214285714285,0.8647746243739566,0.0,0.0,0.9979797979798377,0.6080000000000001,0.7026085087661774,0.9542013691493938,0.08997001872263082,0.134079571724054,0.0,0.0,0.0,0.5,0.4,0.4,0.055305914116984836,0.0,0.16666666666666669,0.0,0.25,0.9363057324840764,0.07936507936507936,0.3333333333333333,0.4181818181818182,0.5854922279792747,1.0,0.7636805195256724,1.0,1.0,1.0,0.7689526552873293,0.6590038314176244,0,0,1,1,0,0,0,0,0
29,0.07894736842105263,0.020689655172413793,0.037037037037037035,0.37755102040816324,0.09655172413793103,0.3119143239625167,0.0,0.0,0.0,0.0,0.1523344226939117,0.04074597274613208,0.0,0.2678571428571428,0.06844741235392318,0.4444444444444444,0.0,0.9865319865319861,0.128,0.2241761552278217,0.0012415617035901813,0.02692641712853954,0.0006083465141744737,0.018164822638551386,0.5,0.5,0.25,0.2,0.2,0.0011925546428537355,0.1662761270971975,0.0707070707070707,0.5,0.3333333333333333,0.37579617834394907,0.11428571428571427,0.6666666666666666,0.4545454545454546,0.25906735751295334,0.08862263162490178,0.0973285028103858,0.0,0.0,0.10492915792472868,0.06708595425857919,0.09578544061302681,1,1,1,0,1,0,0,1,0
30,0.23684210526315788,0.37241379310344824,0.5,0.7857142857142857,0.5816091954022988,0.6479250334672021,0.045454545454545456,0.0990990990990991,0.1056338028169014,0.0,0.17961611960225501,0.15311072228572126,0.0,0.2678571428571428,0.16694490818030053,0.1111111111111111,0.25,0.7575757575758644,0.16800000000000004,0.2815680091259123,0.9200661229554086,0.06424808962150606,0.46100498844141624,0.4964762790249458,0.5,0.25,0.25,0.2,0.2,0.002747645897135007,0.07948261317836723,0.16666666666666669,0.16666666666666666,0.41666666666666663,0.7770700636942676,0.2507936507936508,0.0,0.09090909090909091,0.08808290155440412,0.0,0.22410834243368571,0.0,0.4,0.5252933405859042,0.08464017502389753,0.6206896551724137,1,1,0,1,0,0,0,1,1
31,0.13157894736842105,0.24137931034482757,0.5061728395061729,0.26530612244897955,0.26896551724137935,0.6492637215528781,0.18181818181818182,0.06306306306306306,0.11619718309859155,0.0,0.16340775463345034,0.15097031001504568,0.0,0.2991071428571428,0.25709515859766274,0.1111111111111111,0.25,0.5757575757576205,0.32,0.3404217043709993,0.1216571052455239,0.13324430595819478,0.12860445309648375,0.4610063068872299,0.0,0.25,0.25,0.2,0.2,0.011610712002823969,0.12334801762114538,0.6464646464646465,0.0,0.0,0.5095541401273885,0.33333333333333337,0.0,0.7090909090909091,0.7823834196891191,0.0,0.1795779832071701,0.0,0.13333333333333333,0.36560727329240816,0.09861276606680414,0.37547892720306514,0,0,0,1,0,0,0,1,1
32,0.02631578947368421,0.1103448275862069,0.2376543209876543,0.09183673469387754,0.2896551724137931,0.46318607764390896,0.0,0.009009009009009009,0.024647887323943664,0.13921721377531832,0.37089243206167904,0.9304036599977324,0.2777777777777778,0.2991071428571428,0.45409015025041743,0.7777777777777777,0.0,0.3710437710437873,0.17600000000000005,0.1449522979201332,0.27081392408073096,0.18327856404168155,0.5205012775276797,0.08826220993775963,0.5,0.5,0.0,0.0,0.0,0.0,0.00037491798669041145,0.5,0.0,0.0,0.3312101910828026,0.9682539682539683,0.0,0.23636363636363636,0.5129533678756477,0.0,0.10163347164584968,0.0,0.06666666666666667,0.16390809956743596,0.0,0.0038314176245210726,1,0,0,1,0,0,0,1,0
33,0.0,0.06896551724137931,0.024691358024691357,0.24489795918367346,0.14252873563218393,0.3132530120481928,0.045454545454545456,0.04504504504504504,0.03169014084507042,0.0,0.2890033267678268,0.2837693318910703,0.0,0.12053571428571427,0.1285475792988314,0.2222222222222222,0.0,0.2538720538721009,0.128,0.03349297638119497,0.22830468869900544,0.14980601633090754,0.280934420245772,0.10237863620288178,1.0,0.75,0.25,0.2,0.2,0.004054685785702701,0.20086231136938795,0.27777777777777785,0.16666666666666666,0.25,0.5286624203821656,0.13333333333333333,0.16666666666666666,0.6727272727272727,0.45595854922279794,0.0045708547978695535,0.20371101784858395,0.0,0.0,0.19983422695366132,0.02006502975788754,0.39846743295019155,1,1,1,1,0,0,0,1,0
34,0.07894736842105263,0.13793103448275862,0.2191358024691358,0.01020408163265306,0.06436781609195402,0.3319946452476573,0.0,0.0,0.056338028169014086,0.7593885993660344,0.5169621144598863,0.6820361648469843,0.2777777777777778,0.2678571428571428,0.3823038397328882,0.1111111111111111,0.25,0.7488215488216383,1.0,0.9905099723144195,0.03761378055133446,0.27818436522177686,0.17508212677941354,0.3811133754424876,0.5,0.25,0.5,0.4,0.4,0.0014215251342816527,0.05614396850688911,0.18181818181818182,0.16666666666666666,0.41666666666666663,0.43312101910828027,0.3015873015873016,0.0,0.07272727272727272,0.23316062176165803,0.0,0.19283813462128807,0.0,0.06666666666666667,0.3904214261662393,0.02255370471876356,0.026819923371647507,1,1,0,1,0,0,0,1,1
35,0.0,0.0,0.024691358024691357,0.0,0.0,0.024096385542168676,0.0,0.009009009009009009,0.06338028169014084,0.21783162305915219,0.02964014422107051,0.1087672634898066,0.2777777777777778,0.0,0.0,0.0,0.0,0.03973063973069202,0.16800000000000004,0.4095493880994786,0.07540886423718665,0.06148998660276708,0.22788660420975787,0.03946163719401444,0.0,0.0,0.25,0.2,0.2,0.0009635841514258183,0.0849189239853782,0.43939393939393945,0.0,0.16666666666666666,0.0,0.19999999999999998,0.0,0.01818181818181816,0.16580310880829013,0.0,0.0030308265893923547,0.0,0.0,0.0,0.04579525711913911,0.29118773946360155,0,0,0,1,0,0,0,0,0
36,0.05263157894736842,0.0896551724137931,0.12037037037037038,0.11224489795918366,0.11954022988505747,0.1900937081659973,0.0,0.018018018018018018,0.13380281690140847,0.0,0.14828141448152674,0.3487155994226862,0.0,0.17857142857142858,0.3005008347245409,0.3333333333333333,0.25,0.4599326599327469,0.04800000000000004,0.0483227195708566,0.3176336347306554,0.054123407654447855,0.2085411850590096,0.18805057850257997,0.5,0.25,0.0,0.0,0.0,0.005333104362841906,0.04630237135626581,0.0,0.6666666666666666,0.5833333333333333,0.5286624203821656,0.26031746031746034,0.0,0.7818181818181817,0.9896373056994818,0.0,0.14008773336024202,0.0,0.0,0.2394902478825084,0.019141728912510075,0.4061302681992337,1,1,0,1,0,0,0,1,1
37,0.10526315789473684,0.13793103448275862,0.1111111111111111,0.02040816326530612,0.052873563218390804,0.1900937081659973,0.0,0.06306306306306306,0.17605633802816903,0.0,0.07960768347656408,0.14107722337814355,0.0,0.08928571428571427,0.15025041736227043,0.8888888888888888,0.0,0.042424242424317526,0.07200000000000001,0.10881563531614977,0.24513075441558246,0.08485094460739362,0.20245771991726486,0.21330981278511651,0.0,0.0,0.25,0.2,0.2,0.030691586288483737,0.059893148373793226,0.26767676767676774,0.16666666666666666,0.25,0.3121019108280255,0.2253968253968254,0.0,0.4181818181818182,0.7720207253886011,0.0,0.10853634252552125,0.0,0.06666666666666667,0.24337555365607277,0.052097404816544554,0.6245210727969348,0,1,0,1,0,0,0,1,0
38,0.0,0.006896551724137931,0.0,0.21428571428571427,0.09195402298850575,0.13788487282463185,0.0,0.0,0.0,0.03361897598452694,0.0,0.024990883712948816,0.25,0.08035714285714285,0.17362270450751252,0.6666666666666666,0.25,0.6181818181818244,0.16000000000000003,0.26248646993227875,0.13767797969404894,0.02692641712853954,0.19722593989536438,0.018164822638551386,0.5,0.25,0.25,0.2,0.2,0.004321818025701938,0.06870372106101791,0.08080808080808081,0.16666666666666666,0.16666666666666666,0.20382165605095542,0.3460317460317461,0.0,0.4181818181818182,0.3626943005181347,0.0,0.04348823858754491,0.0,0.0,0.17877586966094233,0.03250362930135681,0.3256704980842912,1,1,0,1,0,0,0,1,1
39,0.13157894736842105,0.12413793103448276,0.25308641975308643,0.02040816326530612,0.06666666666666667,0.20348058902275767,0.0,0.04504504504504504,0.11267605633802817,0.5589104389405254,0.23615283325447392,0.41946871198355085,0.2777777777777778,0.08928571428571427,0.21702838063439064,0.1111111111111111,0.25,0.13737373737376402,0.17600000000000005,0.10066135133375989,0.20582769339181148,0.5376031561082902,0.35174595449568075,0.2620214818198394,0.5,0.5,0.25,0.2,0.2,0.0031101825085625423,0.10122785640641109,0.06565656565656566,0.6666666666666666,1.0,0.3312101910828026,0.09841269841269841,0.3333333333333333,0.1090909090909091,0.41968911917098445,0.2001410110887977,0.08932958578061309,0.0,0.0,0.3090890253062916,0.02038323317678641,0.8505747126436781,1,1,1,1,0,0,0,1,1
40,0.15789473684210525,0.13793103448275862,0.09567901234567902,0.08163265306122448,0.11264367816091954,0.16198125836680052,0.3181818181818182,0.14414414414414414,0.08450704225352113,0.27341105678826627,0.21002285089698025,0.3636632458884779,0.2777777777777778,0.2678571428571428,0.16694490818030053,0.3333333333333333,0.0,0.5286195286196289,0.040000000000000036,0.11279142991157903,0.10442385052191525,0.07491828247050811,0.43058766273269256,0.13585860102642097,0.5,0.25,0.25,0.2,0.2,0.1853325319366133,0.10713281469678508,0.16666666666666669,0.16666666666666666,0.5,0.3184713375796179,0.06984126984126984,0.3333333333333333,0.7818181818181817,0.6839378238341969,0.047475770540469746,0.4475950717151014,0.0,0.0,0.19584531302613517,0.04965327429906351,0.4789272030651341,1,1,1,0,0,0,1,1,0
41,0.0,0.034482758620689655,0.11728395061728394,0.1020408163265306,0.14942528735632182,0.34002677376171353,0.13636363636363635,0.08108108108108109,0.11619718309859155,0.1741524740772578,0.08339660427601536,0.07123420737331425,0.2777777777777778,0.21428571428571427,0.11018363939899836,0.4444444444444444,0.25,0.21481481481487208,0.11200000000000004,0.07561388040553088,0.3809289637566658,0.10516576984745454,0.33507726000730015,0.17580596597713694,1.0,0.5,0.0,0.0,0.0,0.0015837125657097609,0.1311275658449714,0.10101010101010101,0.16666666666666666,0.16666666666666666,0.35031847133757965,0.21904761904761905,0.0,0.4,0.7409326424870466,0.0,0.1821160299612978,0.0,0.06666666666666667,0.34144067138083767,0.016823617918322504,0.9731800766283524,1,1,0,0,1,0,0,1,1
42,0.18421052631578946,0.2,0.25617283950617287,0.0,0.009195402298850575,0.008032128514056224,0.0,0.06306306306306306,0.04929577464788733,0.5998898619244614,0.506244566951661,0.9664474672043487,0.2777777777777778,0.22321428571428573,0.333889816360601,0.0,0.0,0.7636363636364649,0.8560000000000001,1.0,0.04670109354701344,0.6084890221391294,0.09709210366224601,0.16271344856467534,0.0,0.0,0.25,0.2,0.2,0.03856244693131839,0.02521323460493017,0.13636363636363638,0.6666666666666666,0.5,0.30573248407643316,0.0,0.3333333333333333,0.054545454545454536,0.0,0.33735833406094473,0.11223170981222821,0.0,0.2,0.07845727458751003,0.07320436665818889,0.034482758620689655,0,1,1,0,0,0,1,0,0
43,0.15789473684210525,0.14482758620689656,0.11728395061728394,0.4081632653061224,0.2850574712643678,0.3279785809906292,0.045454545454545456,0.08108108108108109,0.13380281690140847,0.31357115994197604,0.3862498486999197,0.35527013320504136,0.40277777777777773,0.4285714285714285,0.27545909849749584,0.6666666666666666,0.25,0.173737373737481,0.24000000000000005,0.10454208162806511,0.21538434102930465,1.0,0.34712252098795476,0.3559564133970327,0.5,0.5,0.0,0.2,0.2,0.00027667267714206664,1.0,0.20202020202020204,0.0,0.08333333333333333,0.713375796178344,0.2634920634920635,0.0,1.0,0.8860103626943006,0.0,0.6422907982855945,0.0,0.06666666666666667,0.7680213432797162,0.03238178488851866,0.6130268199233716,1,0,0,1,0,0,0,1,1
44,0.4473684210526315,0.6275862068965518,0.9783950617283951,0.0,0.0735632183908046,0.2637215528781794,0.3181818181818182,0.7297297297297297,1.0,0.0,0.3827910371666355,0.7965367302099963,0.0,0.5535714285714285,0.8480801335559266,0.0,0.0,0.9979797979798377,0.6080000000000001,0.7026085087661774,0.9542013691493938,0.05426305844009671,0.134079571724054,0.14665460164981198,0.0,0.0,0.25,0.2,0.2,0.0001240256828567885,0.0,0.09090909090909091,0.16666666666666666,0.25,1.0,0.14285714285714285,0.0,0.5272727272727272,0.6010362694300517,0.0,1.0000000000000002,1.0,1.0,1.0,0.7689526552873293,0.6590038314176244,0,1,0,1,0,0,0,0,0
45,0.0,0.10344827586206896,0.08950617283950615,0.49999999999999994,0.26896551724137935,0.35876840696117807,0.0,0.0990990990990991,0.11267605633802817,0.0,0.20594416751944894,0.18622965689053406,0.0,0.08928571428571427,0.16694490818030053,0.5555555555555556,0.0,0.26531986531995244,0.11200000000000004,0.06085333881436564,0.09598501371527139,0.16517633093822043,0.350285922861662,0.13509574066011173,0.5,0.25,0.25,0.4,0.4,0.23242412967362164,0.19833161495922766,0.10606060606060606,1.0,0.75,0.47770700636942676,0.04444444444444444,1.0,0.8545454545454545,0.854922279792746,0.12601065223085653,0.3638562031645659,0.0,0.06666666666666667,0.2107648871966224,0.017220331368207813,0.6973180076628351,1,1,1,0,0,1,0,1,0
46,0.02631578947368421,0.041379310344827586,0.046296296296296294,0.13265306122448978,0.1103448275862069,0.15930388219544844,0.045454545454545456,0.009009009009009009,0.03873239436619719,0.0,0.938229220538665,0.7820671142584857,0.0,0.3973214285714286,0.3472454090150251,0.3333333333333333,0.5,0.9407407407408073,0.0,0.09650839342438805,0.0,0.13183470583944923,0.00012166930283489472,0.20141077371257926,0.0,0.0,0.0,0.0,0.2,0.3140902716162454,0.05108257568656856,0.5353535353535354,0.0,0.0,0.5796178343949046,0.4507936507936508,0.0,0.6727272727272727,0.6010362694300517,0.0,0.3533552235093334,0.0,0.06666666666666667,0.568731059134354,0.0414097096152731,0.08812260536398467,0,0,0,0,0,1,0,1,1
47,0.02631578947368421,0.07586206896551724,0.11728395061728394,0.31632653061224486,0.1517241379310345,0.22088353413654618,0.0,0.009009009009009009,0.035211267605633804,0.0,0.41895267333487385,0.30477816013409365,0.0,0.2678571428571428,0.06510851419031718,0.3333333333333333,0.25,0.09225589225593467,0.136,0.1628370463868341,0.13751829243249902,0.13234966811181417,0.42377418177393844,0.21587887484454446,0.5,0.75,0.25,0.2,0.2,0.0015932530028525908,0.25025775611584966,0.1414141414141414,0.6666666666666666,0.5,0.3439490445859873,0.1746031746031746,0.0,0.1636363636363636,0.12435233160621761,0.0,0.15198793812007053,0.0,0.0,0.1521226720542907,0.03235177903532563,0.6858237547892719,1,1,0,1,0,0,0,1,1
48,0.15789473684210525,0.18620689655172412,0.3765432098765432,0.030612244897959183,0.04827586206896552,0.13922356091030788,0.4545454545454546,0.24324324324324323,0.5,0.0,0.31017800225207875,0.41718427769895716,0.0,0.2946428571428571,0.41068447412353926,0.6666666666666666,0.25,0.015488215488289825,0.10400000000000004,0.12349294168401467,0.18167979110420363,0.2164019847873194,0.10122885995863243,0.5894697085337098,0.0,0.25,0.25,0.2,0.4,0.006296688514267724,0.0524885181366576,0.09595959595959597,0.5,0.5833333333333333,0.7070063694267517,0.24444444444444444,0.0,0.14545454545454542,0.5181347150259068,0.0,0.15263474016240802,0.0,0.13333333333333333,0.40383868210428164,0.07693060477120174,0.7432950191570881,0,1,0,0,0,0,1,1,1
49,0.42105263157894735,0.7034482758620689,0.9753086419753086,0.673469387755102,0.4413793103448276,0.36813922356091033,0.6818181818181819,1.0,0.9471830985915494,1.0,0.8467816180489075,0.9999999999999999,1.0,0.9999999999999999,1.0,0.0,0.0,0.9993265993266505,0.016000000000000014,0.03542737269024904,0.9999999999999999,0.06363275334692405,0.2338484000486677,0.010523479907241038,0.0,0.25,0.25,0.2,0.2,0.023841552419931883,0.009654138157278095,0.0707070707070707,0.6666666666666666,0.75,0.9554140127388535,0.10476190476190475,0.3333333333333333,0.7090909090909091,0.5492227979274611,0.11732253558019733,0.784863109025676,0.0,0.8,0.9841479524438573,0.14422419182297722,0.5747126436781609,0,1,1,1,0,0,0,0,0
50,0.02631578947368421,0.10344827586206896,0.12345679012345678,0.11224489795918366,0.10114942528735632,0.27710843373493976,0.045454545454545456,0.14414414414414414,0.12323943661971831,0.10257615644979315,0.18145372785058522,0.16933005249142763,0.3333333333333333,0.3080357142857143,0.27212020033388984,0.5555555555555556,0.25,0.5562289562290061,0.11200000000000004,0.09839697479465961,0.19910623769246233,0.021392754742958868,0.3990753132984548,0.09555163466062035,0.0,0.0,0.0,0.0,0.0,0.03342015131133308,0.11697441184740838,0.19191919191919193,0.0,0.3333333333333333,0.29299363057324845,0.15555555555555556,0.0,0.6909090909090909,0.45077720207253885,0.0,0.8477905821020723,0.0,0.13333333333333333,0.2147538011241485,0.03468786603185753,0.5325670498084291,0,0,0,0,0,0,1,1,1
51,0.2631578947368421,0.3586206896551724,0.5370370370370371,0.01020408163265306,0.0367816091954023,0.07362784471218206,1.0,0.7207207207207207,0.6232394366197184,0.23138397893945092,0.26375363578677874,0.4324475468761012,0.2777777777777778,0.3125,0.5258764607679466,0.1111111111111111,0.0,0.804713804713856,0.07200000000000001,0.0,0.10262405889893066,0.0330230467442831,0.04915439834529748,0.04367587083190945,1.0,0.5,0.25,0.2,0.2,8.586393428546896e-05,0.019589464804574,0.09595959595959597,0.6666666666666666,0.75,0.8089171974522293,0.2380952380952381,0.0,0.4363636363636364,0.34715025906735747,0.0,0.260954772460951,0.0,0.13333333333333333,0.40878597145595363,0.08396303321473798,0.8735632183908045,1,1,0,0,1,0,0,1,0
52,0.13157894736842105,0.18620689655172412,0.21604938271604937,0.061224489795918366,0.08505747126436781,0.0963855421686747,0.4545454545454546,0.13513513513513514,0.1443661971830986,0.1735749207543115,0.43187828504568343,0.3599753630427255,0.2638888888888889,0.4375,0.3439065108514191,0.5555555555555556,0.5,0.0,0.09600000000000003,0.09009393140289262,0.1049766764730677,0.11503297067830837,0.11485582187614064,0.11826011782030334,1.0,1.0,0.25,0.2,0.2,0.09943043590257306,0.06964101602774393,0.13131313131313133,0.16666666666666666,0.25,0.36305732484076436,0.19999999999999998,0.0,0.49090909090909096,0.48186528497409326,0.0,0.39127859262119596,0.0,0.2,0.16103297329499833,0.037868041077256706,0.8505747126436781,1,1,0,0,0,0,1,1,1
